Date	South	South.LCL	South.UCL	North	North.LCL	North.UCL	South.7	North.7	North.Variant	South.Variant	death	deathConfirmed	deathIncrease	deathProbable	hospitalized	hospitalizedCumulative	hospitalizedCurrently	hospitalizedIncrease	inIcuCurrently	negative	negativeIncrease	onVentilatorCurrently	positive	positiveCasesViral	positiveIncrease	positiveScore	positiveTestsPeopleAntibody	positiveTestsViral	recovered	totalTestEncountersViralIncrease	totalTestResults	totalTestResultsIncrease	totalTestsPeopleAntibody	totalTestsPeopleAntigen	totalTestsPeopleViral	totalTestsPeopleViralIncrease	totalTestsViral	totalTestsViralIncrease
2020-03-11	31	65	34	31	10	15	21	30			NA	NA	0	NA	NA	NA	NA	0	NA	NA	0	NA	92	92	0	0	NA	141	NA	0	684	182	NA	NA	NA	0	684	182
2020-03-12	25	36	31	32	8	12	11	17			NA	NA	0	NA	NA	NA	NA	0	NA	NA	0	NA	95	95	3	0	NA	170	NA	0	1116	432	NA	NA	NA	0	1116	432
2020-03-13	NA	NA	31	32	0	0	0	0			NA	NA	0	NA	NA	NA	NA	0	NA	92	92	NA	123	123	28	0	NA	234	NA	0	2101	985	NA	NA	NA	0	2101	985
2020-03-14	16	27	26	31	5	7	9	13			NA	NA	0	NA	NA	NA	NA	0	NA	352	260	NA	138	138	15	0	NA	308	NA	0	3036	935	NA	NA	NA	0	3036	935
2020-03-15	39	53	28	34	12	18	17	25			NA	NA	0	NA	NA	NA	NA	0	NA	352	0	NA	138	138	0	0	NA	380	NA	0	4120	1084	NA	NA	NA	0	4120	1084
2020-03-16	33	23	29	32	10	15	7	11			NA	NA	0	NA	NA	NA	NA	0	NA	352	0	NA	164	164	26	0	NA	532	NA	0	6355	2235	NA	NA	NA	0	6355	2235
2020-03-17	106	78	35	43	33	49	24	36			NA	NA	0	NA	NA	NA	NA	0	NA	1541	1189	NA	218	218	54	0	NA	787	NA	0	9145	2790	NA	NA	NA	0	9145	2790
2020-03-18	65	45	39	40	21	30	14	21			2	NA	2	NA	NA	NA	NA	0	NA	2015	474	NA	256	256	38	0	NA	1050	NA	0	12371	3226	NA	NA	NA	0	12371	3226
2020-03-19	19	49	37	42	6	9	16	23			3	NA	1	NA	NA	NA	NA	0	NA	2804	789	NA	328	328	72	0	NA	1336	NA	0	15509	3138	NA	NA	NA	0	15509	3138
2020-03-20	NA	NA	37	42	0	0	0	0			5	NA	2	NA	NA	NA	NA	0	NA	3678	874	NA	413	413	85	0	NA	1730	NA	0	19384	3875	NA	NA	NA	0	19384	3875
2020-03-21	NA	NA	44	46	0	0	0	0			7	NA	2	NA	61	61	NA	61	NA	4752	1074	NA	525	525	112	0	NA	2069	NA	0	22155	2771	NA	NA	NA	0	22155	2771
2020-03-22	NA	NA	45	45	0	0	0	0			11	NA	4	NA	71	71	NA	10	NA	5459	707	NA	646	646	121	0	NA	2367	NA	0	24257	2102	NA	NA	NA	0	24257	2102
2020-03-23	146	380	66	90	46	68	120	176			17	NA	6	NA	79	79	NA	8	NA	8145	2686	NA	777	777	131	0	NA	2999	NA	0	28354	4097	NA	NA	NA	0	28354	4097
2020-03-24	NA	321	56	129	0	0	102	148			26	NA	9	NA	94	94	NA	15	NA	12590	4445	NA	1159	1159	382	0	NA	3737	NA	0	32673	4319	NA	NA	NA	0	32673	4319
2020-03-25	30	228	43	192	9	14	72	105			33	NA	7	NA	103	103	NA	9	NA	17956	5366	NA	1838	1838	679	0	NA	4529	NA	0	37157	4484	NA	NA	NA	0	37157	4484
2020-03-26	370	39	117	182	117	171	12	18			42	NA	9	NA	219	219	NA	116	NA	21204	3248	NA	2417	2417	579	0	NA	5513	NA	0	41993	4836	NA	NA	NA	0	41993	4836
2020-03-27	34	299	86	201	11	16	95	138			57	NA	15	NA	219	219	NA	0	NA	26131	4927	NA	3240	3240	823	0	NA	6520	NA	0	46808	4815	NA	NA	NA	0	46808	4815
2020-03-28	NA	NA	86	201	0	0	0	0			72	NA	15	NA	350	350	NA	131	NA	30792	4661	NA	4257	4257	1017	0	NA	7224	NA	0	50010	3202	NA	NA	NA	0	50010	3202
2020-03-29	NA	NA	86	201	0	0	0	0			99	NA	27	NA	399	399	NA	49	NA	34111	3319	NA	4955	4955	698	0	NA	7800	NA	0	52483	2473	NA	NA	NA	0	52483	2473
2020-03-30	46	219	64	180	15	21	69	101			124	NA	25	NA	453	453	NA	54	NA	37041	2930	NA	5752	5752	797	0	NA	9117	NA	0	58064	5581	NA	NA	NA	0	58064	5581
2020-03-31	NA	NA	64	155	0	0	0	0			153	NA	29	NA	562	562	NA	109	NA	40315	3274	NA	6620	6620	868	0	NA	10520	NA	0	63994	5930	NA	NA	NA	0	63994	5930
2020-04-01	143	475	95	187	45	66	150	220			187	NA	34	NA	682	682	NA	120	NA	44000	3685	NA	7738	7738	1118	0	NA	11943	NA	0	69570	5576	NA	NA	NA	0	69570	5576
2020-04-02	NA	NA	61	315	0	0	0	0			229	NA	42	NA	813	813	NA	131	NA	47642	3642	NA	8966	8966	1228	0	NA	13347	NA	0	75574	6004	NA	NA	NA	0	75574	6004
2020-04-03	233	438	116	357	74	108	138	202			265	NA	36	NA	966	966	NA	153	NA	52560	4918	NA	10402	10402	1436	0	NA	14972	NA	0	82141	6567	NA	NA	NA	0	82141	6567
2020-04-04	NA	NA	116	357	0	0	0	0			304	NA	39	NA	1370	1370	1370	404	NA	57064	4504	NA	11736	11736	1334	0	NA	16294	NA	0	86885	4744	NA	NA	NA	0	86885	4744
2020-04-05	NA	NA	116	357	0	0	0	0			370	NA	66	NA	1632	1632	1632	262	NA	59437	2373	NA	12500	12500	764	0	NA	17371	NA	0	90987	4102	NA	NA	NA	0	90987	4102
2020-04-06	NA	NA	182	456	0	0	0	0			448	NA	78	NA	1667	1667	1667	35	NA	62592	3155	NA	13837	13837	1337	0	NA	19472	NA	0	98567	7580	NA	NA	NA	0	98567	7580
2020-04-07	310	562	218	489	98	143	178	260			515	NA	67	NA	1831	1831	1831	164	NA	66142	3550	NA	15202	15202	1365	0	NA	21713	NA	0	106189	7622	NA	NA	NA	0	106189	7622
2020-04-08	NA	NA	269	496	0	0	0	0			615	NA	100	NA	2119	2119	2119	288	NA	70721	4579	NA	16790	16790	1588	0	NA	23820	NA	0	114147	7958	NA	NA	NA	0	114147	7958
2020-04-09	501	784	331	578	158	231	248	362			725	NA	110	NA	2302	2302	2302	183	NA	76017	5296	NA	18941	18941	2151	0	NA	26096	NA	0	121922	7775	NA	NA	NA	0	121922	7775
2020-04-10	NA	NA	394	664	0	0	0	0			832	NA	107	NA	2435	2435	2435	133	NA	81398	5381	NA	20974	20974	2033	0	NA	28410	NA	0	130773	8851	NA	NA	NA	0	130773	8851
2020-04-11	NA	NA	394	664	0	0	0	0			946	NA	114	NA	2507	2507	2507	72	NA	85916	4518	NA	22860	22860	1886	0	NA	29883	NA	0	136079	5306	NA	NA	NA	0	136079	5306
2020-04-12	NA	NA	394	664	0	0	0	0			1056	NA	110	NA	2514	2514	2514	7	NA	91255	5339	NA	25475	25475	2615	0	NA	30955	NA	0	139881	3802	NA	NA	NA	0	139881	3802
2020-04-13	NA	NA	394	664	0	0	0	0			1211	NA	155	NA	3485	3485	3485	971	NA	95182	3927	NA	26867	26867	1392	0	NA	33218	NA	0	147385	7504	NA	NA	NA	0	147385	7504
2020-04-14	389	702	441	742	123	180	222	324			1329	NA	118	NA	3616	3616	3616	131	NA	98388	3206	NA	28163	28163	1296	0	NA	36432	NA	0	158730	11345	NA	NA	NA	0	158730	11345
2020-04-15	NA	NA	441	742	0	0	0	0			1502	NA	173	NA	3637	3637	3637	21	973	102105	3717	NA	29918	29918	1755	0	NA	39345	NA	0	170383	11653	NA	NA	NA	0	170383	11653
2020-04-16	138	321	232	474	44	64	101	148			1667	NA	165	NA	3726	3726	3726	89	973	108592	6487	NA	32181	32181	2263	0	NA	42142	NA	0	181089	10706	NA	NA	NA	0	181089	10706
2020-04-17	164	360	206	433	52	76	114	166			1822	NA	155	NA	3756	3756	3756	30	987	114342	5750	NA	34402	34402	2221	0	NA	45466	NA	0	194214	13125	NA	NA	NA	0	194214	13125
2020-04-18	NA	NA	206	433	0	0	0	0			1983	NA	161	NA	3728	3728	3728	-28	987	120434	6092	NA	36372	36372	1970	0	NA	47174	NA	0	201692	7478	NA	NA	NA	0	201692	7478
2020-04-19	NA	NA	206	433	0	0	0	0			2146	NA	163	NA	3789	3789	3789	61	987	124164	3730	NA	38077	38077	1705	0	NA	48441	NA	0	207288	5596	NA	NA	NA	0	207288	5596
2020-04-20	NA	NA	206	433	0	0	0	0			2303	NA	157	NA	3872	3872	3872	83	987	124164	0	NA	38077	38077	0	0	NA	51550	NA	0	220251	12963	NA	NA	NA	0	220251	12963
2020-04-21	NA	NA	150	340	0	0	0	0			2449	NA	146	NA	4009	4009	3977	137	1040	134173	10009	NA	41199	41199	3122	0	NA	54261	NA	0	232074	11823	NA	NA	NA	0	232074	11823
2020-04-22	220	541	171	397	70	102	171	250			2597	NA	148	NA	4256	4256	3890	247	1050	137518	3345	NA	42944	42944	1745	0	NA	57491	NA	0	247471	15397	NA	NA	NA	0	247471	15397
2020-04-23	179	283	186	381	57	83	90	131			2769	NA	172	NA	4493	4493	3851	237	1034	149053	11535	NA	46023	46023	3079	0	NA	60424	NA	0	260896	13425	NA	NA	NA	0	260896	13425
2020-04-24	NA	NA	199	391	0	0	0	0			2877	NA	108	NA	4752	4752	3847	259	1034	149053	0	NA	46023	46023	0	0	NA	63242	NA	0	275799	14903	NA	NA	NA	0	275799	14903
2020-04-25	NA	NA	199	391	0	0	0	0			2877	NA	0	NA	4965	4965	3879	213	1058	173497	24444	NA	53348	53348	7325	0	NA	65072	NA	0	286065	10266	NA	NA	NA	0	286065	10266
2020-04-26	NA	NA	199	391	0	0	0	0			2899	NA	22	NA	5104	5104	3879	139	1077	181162	7665	NA	54938	54938	1590	0	NA	66238	NA	0	292273	6208	NA	NA	NA	0	292273	6208
2020-04-27	130	NA	173	391	41	60	0	0			3003	NA	104	NA	5237	5237	3892	133	1089	188425	7263	NA	56462	56462	1524	0	NA	69008	NA	0	306068	13795	NA	NA	NA	0	306068	13795
2020-04-28	97	293	149	355	31	45	93	135			3153	NA	150	NA	5515	5515	3875	278	1005	196198	7773	NA	58302	58302	1840	0	NA	71775	NA	0	321343	15275	NA	NA	NA	0	321343	15275
2020-04-29	NA	NA	131	288	0	0	0	0			3405	NA	252	NA	5758	5758	3856	243	1011	205353	9155	NA	60265	60265	1963	0	NA	74600	NA	0	336857	15514	NA	NA	NA	0	336857	15514
2020-04-30	NA	NA	112	293	0	0	0	0			3562	NA	157	NA	5942	5942	3803	184	1001	213442	8089	NA	62205	62205	1940	0	NA	77305	NA	0	353731	16874	NA	NA	NA	0	353731	16874
2020-05-01	NA	NA	112	293	0	0	0	0			3716	NA	154	NA	6169	6169	3716	227	947	225325	11883	NA	64311	64311	2106	0	NA	80037	NA	0	371021	17290	NA	NA	NA	0	371021	17290
2020-05-02	NA	NA	112	293	0	0	0	0			3846	NA	130	NA	6378	6378	3601	209	921	232731	7406	NA	66263	66263	1952	0	NA	81449	NA	0	380218	9197	NA	NA	NA	0	380218	9197
2020-05-03	209	93	138	165	66	96	29	43			4004	4004	158	NA	6507	6507	3617	129	904	246559	13828	NA	68087	68087	1824	0	NA	82450	NA	0	386680	6462	NA	NA	NA	0	386680	6462
2020-05-04	NA	NA	142	165	0	0	0	0			4090	4090	86	NA	6622	6622	3539	115	908	255181	8622	NA	69087	69087	1000	0	NA	85160	NA	0	402124	15444	NA	NA	NA	0	402124	15444
2020-05-05	97	94	142	94	31	45	30	44			4212	4212	122	NA	6831	6831	3542	209	914	263078	7897	NA	70271	70271	1184	0	NA	87665	NA	0	418137	16013	NA	NA	NA	0	418137	16013
2020-05-06	5	22	47	58	2	2	7	10			4420	4420	208	NA	7080	7080	3564	249	922	267614	4536	NA	72025	72025	1754	0	NA	90148	NA	0	434822	16685	NA	NA	NA	0	434822	16685
2020-05-07	NA	NA	47	58	0	0	0	0			4552	4552	132	NA	7237	7237	3436	157	852	277911	10297	NA	73721	73721	1696	0	NA	92617	NA	0	451913	17091	NA	NA	NA	0	451913	17091
2020-05-08	NA	NA	47	58	0	0	0	0			4702	4702	150	NA	7434	7434	3349	197	826	290690	12779	NA	75333	75333	1612	0	NA	94841	NA	0	468858	16945	NA	NA	NA	0	468858	16945
2020-05-09	NA	NA	47	58	0	0	0	0			4840	4840	138	NA	7551	7551	3229	117	814	299794	9104	NA	76743	76743	1410	0	NA	95866	NA	0	476546	7688	NA	NA	NA	0	476546	7688
2020-05-10	NA	NA	22	46	0	0	0	0			4979	4979	139	NA	7617	7617	3128	66	810	310596	10802	NA	77793	77793	1050	0	NA	96540	NA	0	481105	4559	NA	NA	NA	0	481105	4559
2020-05-11	164	NA	43	46	52	76	0	0			5108	5108	129	NA	7732	7732	3102	115	813	316266	5670	NA	78462	78462	669	0	NA	98664	NA	0	496747	15642	NA	NA	NA	0	496747	15642
2020-05-12	NA	NA	29	22	0	0	0	0			5141	5141	33	NA	7842	7842	3127	110	818	322164	5898	NA	79332	79332	870	0	NA	100934	NA	0	514106	17359	NA	NA	NA	0	514106	17359
2020-05-13	NA	NA	NA	NA	0	0	0	0			5315	5315	174	NA	8032	8032	3101	190	794	329535	7371	NA	80497	80497	1165	0	NA	103043	NA	0	532028	17922	NA	NA	401496	401496	532028	17922
2020-05-14	NA	NA	NA	NA	0	0	0	0			5482	5382	167	NA	8207	8207	2859	175	781	342179	12644	NA	82182	82182	1685	0	NA	105126	NA	0	549405	17377	NA	NA	410032	8536	549405	17377
2020-05-15	NA	NA	NA	NA	0	0	0	0			5592	5592	110	NA	8314	8314	2767	107	749	352258	10079	NA	83421	83421	1239	0	NA	106978	NA	0	567173	17768	NA	NA	435679	25647	567173	17768
2020-05-16	NA	NA	NA	NA	0	0	0	0			5705	5705	113	NA	8456	8456	2692	142	747	363156	10898	NA	84933	84933	1512	0	NA	108011	NA	0	576513	9340	NA	NA	448089	12410	576513	9340
2020-05-17	NA	NA	NA	NA	0	0	0	0			5797	5797	92	NA	8539	8539	2597	83	702	374816	11660	NA	86010	86010	1077	0	NA	108607	NA	0	582368	5855	NA	NA	460826	12737	582368	5855
2020-05-18	NA	NA	NA	NA	0	0	0	0			5862	5862	65	NA	8621	8621	2533	82	674	382147	7331	NA	87052	87052	1042	0	NA	110751	NA	0	599958	17590	NA	NA	469199	8373	599958	17590
2020-05-19	NA	NA	NA	NA	0	0	0	0			5938	5938	76	NA	8766	8766	2472	145	672	389015	6868	NA	87925	87925	873	0	NA	112611	NA	0	616647	16689	NA	NA	476940	7741	616647	16689
2020-05-20	NA	NA	NA	NA	0	0	0	0			6066	6066	128	NA	8897	8897	2518	131	675	400983	11968	NA	88970	88970	1045	0	NA	114290	NA	0	633557	16910	NA	NA	489953	13013	633557	16910
2020-05-21	82	42	NA	NA	26	38	13	20			6148	6148	82	NA	9040	9040	2396	143	647	411402	10419	NA	90084	90084	1114	0	NA	115960	NA	0	649501	15944	NA	NA	501486	11533	649501	15944
2020-05-22	426	244	NA	NA	135	197	77	113			6228	6228	80	NA	9162	9162	2323	122	628	420755	9353	NA	90889	90889	805	0	NA	117464	NA	0	664312	14811	NA	NA	511644	10158	664312	14811
2020-05-23	77	69	NA	NA	24	36	22	32			6304	6304	76	NA	9260	9260	2237	98	610	429324	8569	NA	91662	91662	773	0	NA	118092	NA	0	671024	6712	NA	NA	520986	9342	671024	6712
2020-05-24	79	52	121	78	25	36	16	24			6372	6372	68	NA	9308	9308	2169	48	558	439698	10374	NA	92675	92675	1013	0	NA	118601	NA	0	676583	5559	NA	NA	532373	11387	676583	5559
2020-05-25	66	42	107	69	21	31	13	19			6416	6416	44	NA	9339	9339	2132	31	576	447290	7592	NA	93271	93271	596	0	NA	118983	NA	0	681149	4566	NA	NA	540561	8188	681149	4566
2020-05-26	97	38	105	62	31	45	12	17			6473	6473	57	NA	9388	9388	2108	49	560	451788	4498	NA	93693	93693	422	0	NA	120525	NA	0	696585	15436	NA	NA	545481	4920	696585	15436
2020-05-27	197	81	115	65	62	91	26	37			6547	6473	74	NA	9492	9492	2106	104	556	457924	6136	NA	94220	93693	527	0	NA	121749	NA	0	710528	13943	NA	NA	545481	0	710528	13943
2020-05-28	50	35	107	63	16	23	11	16			6640	6640	93	NA	9618	9618	2112	126	529	467428	9504	NA	94895	94895	675	0	NA	122913	78108	0	723341	12813	NA	NA	562323	16842	723341	12813
2020-05-29	28	49	73	50	9	13	15	22			6718	6718	78	NA	9725	9725	1991	107	485	476233	8805	NA	95512	95512	617	0	NA	123935	78108	0	736817	13476	NA	NA	571745	9422	736817	13476
2020-05-30	66	NA	71	47	21	31	0	0			6768	6768	50	NA	9789	9789	1904	64	453	486218	9985	NA	96301	96301	789	0	NA	124398	78108	0	744372	7555	NA	NA	582519	10774	744372	7555
2020-05-31	79	37	71	45	25	37	12	17			6846	6846	78	NA	9823	9823	1824	34	436	495888	9670	NA	96965	96965	664	0	NA	124696	78108	0	749434	5062	NA	NA	592853	10334	749434	5062
2020-06-01	82	60	73	48	26	38	19	28			7035	6894	189	141	9952	9952	1747	129	404	502628	6740	289	100805	97291	3840	0	NA	125632	78108	0	762326	12892	NA	NA	599919	7066	762326	12892
2020-06-02	194	95	81	55	61	90	30	44			7085	6944	50	141	10063	10063	1657	111	394	508232	5604	269	101163	97539	358	0	NA	126513	78108	0	775400	13074	46565	NA	605771	5852	775400	13074
2020-06-03	35	40	63	49	11	16	13	18			7152	7012	67	140	10151	10151	1684	88	393	516169	7937	263	101592	97964	429	0	NA	127383	78108	0	788511	13111	47414	NA	614133	8362	788511	13111
2020-06-04	47	32	63	49	15	22	10	15			7201	7062	49	139	10238	10238	1637	87	401	522872	6703	249	102063	98376	471	0	NA	128133	84621	0	800535	12024	48436	NA	621248	7115	800535	12024
2020-06-05	44	45	67	48	14	20	14	21			7235	7097	34	138	10303	10303	1533	65	350	532212	9340	238	102557	98796	494	0	NA	128793	84621	0	812059	11524	49556	NA	631008	9760	812059	11524
2020-06-06	19	46	56	48	6	9	15	21			7289	7152	54	137	10369	10369	1529	66	359	541507	9295	238	103132	99301	575	0	NA	129081	84621	0	818324	6265	50575	NA	640808	9800	818324	6265
2020-06-07	24	27	47	45	8	11	8	12			7316	7179	27	137	10393	10393	1442	24	335	549054	7547	221	103436	99562	304	0	NA	129333	84621	0	823299	4975	51146	NA	648616	7808	823299	4975
2020-06-08	26	19	40	39	8	12	6	9			7353	7217	37	136	10425	10425	1415	32	322	553643	4589	209	103626	99755	190	0	NA	130010	84621	0	837245	13946	51404	NA	653398	4782	837245	13946
2020-06-09	52	167	33	42	16	24	53	77			7408	7255	55	153	10507	10507	1397	82	315	558103	4460	202	103889	99955	263	0	NA	130653	84621	0	851600	14355	52144	NA	658058	4660	851600	14355
2020-06-10	75	68	37	45	24	35	21	31			7454	7300	46	154	10582	10582	1345	75	319	567934	9831	200	104156	100158	267	0	NA	131213	84621	0	865036	13436	53040	NA	668092	10034	865036	13436
2020-06-11	40	134	36	56	13	19	42	62			7492	7337	38	155	10654	10654	1260	72	296	578421	10487	181	104667	100504	511	0	NA	131718	88725	0	878117	13081	54574	NA	678925	10833	878117	13081
2020-06-12	45	78	36	60	14	21	25	36			7538	7382	46	156	10726	10726	1143	72	276	588300	9879	170	105059	100811	392	0	NA	132202	88725	0	891121	13004	55784	NA	689111	10186	891121	13004
2020-06-13	77	180	44	73	24	36	57	83			7576	7420	38	156	10772	10772	1069	46	249	598201	9901	162	105395	101070	336	0	NA	132395	88725	0	897556	6435	57048	NA	699271	10160	897556	6435
2020-06-14	36	NA	47	86	11	17	0	0			7624	7467	48	157	10802	10802	1039	30	244	607107	8906	156	105603	101276	208	0	NA	132541	88725	0	902595	5039	57582	NA	708383	9112	902595	5039
2020-06-15	38	141	50	120	12	17	45	65			7647	7490	23	157	10817	10817	1026	15	253	611541	4434	167	105690	101334	87	0	NA	133033	88725	0	916721	14126	57886	NA	712875	4492	916721	14126
2020-06-16	60	118	51	113	19	28	37	55			7665	7508	18	157	10867	10867	1045	50	244	617762	6221	151	105885	101474	195	0	NA	133424	88725	0	930421	13700	58795	NA	719236	6361	930421	13700
2020-06-17	19	13	42	86	6	9	4	6			7734	7568	69	166	10925	10925	998	58	227	625895	8133	135	106151	101654	266	0	NA	133872	88725	0	948313	17892	59940	NA	727549	8313	948313	17892
2020-06-18	16	21	37	63	5	7	7	10			7770	7591	36	179	10985	10985	968	60	227	634838	8943	125	106422	101853	271	0	NA	134278	91404	0	965653	17340	61085	NA	736691	9142	965653	17340
2020-06-19	11	37	30	56	3	5	12	17			7800	7619	30	181	11036	11036	994	51	199	644157	9319	124	106650	102005	228	0	NA	134592	91404	0	977274	11621	62591	NA	746162	9471	977274	11621
2020-06-20	12	25	23	40	4	5	8	11			7828	7647	28	181	11076	11076	964	40	200	658001	13844	118	106936	102228	286	0	NA	134754	91404	0	984482	7208	63736	NA	760229	14067	984482	7208
2020-06-21	22	26	21	38	7	10	8	12			7858	7677	30	181	11085	11085	927	9	194	666259	8258	111	107061	102333	125	0	NA	134874	91404	0	989710	5228	64266	NA	768592	8363	989710	5228
2020-06-22	24	NA	20	30	8	11	0	0			7874	7694	16	180	11094	11094	920	9	180	672853	6594	107	107210	102469	149	0	NA	135290	91404	0	1003300	13590	64592	NA	775322	6730	1003300	13590
2020-06-23	16	22	17	23	5	8	7	10			7890	7710	16	180	11157	11157	953	63	181	680203	7350	112	107439	102651	229	0	NA	135621	91404	0	1017367	14067	65313	NA	782854	7532	1017367	14067
2020-06-24	5	10	14	22	2	2	3	4			7938	7752	48	186	11219	11219	939	62	181	687461	7258	98	107611	102762	172	0	NA	135964	91404	0	1031365	13998	65845	NA	790223	7369	1031365	13998
2020-06-25	9	16	12	21	3	4	5	7			7963	7776	25	187	11252	11252	822	33	174	697619	10158	101	107837	102922	226	0	NA	136298	93157	0	1044011	12646	66753	NA	800541	10318	1044011	12646
2020-06-26	9	11	12	17	3	4	4	5			8013	7815	50	198	11291	11291	791	39	156	706015	8396	99	108070	103071	233	0	NA	136627	93157	0	1057242	13231	68259	NA	809086	8545	1057242	13231
2020-06-27	20	15	13	16	6	9	5	7			8041	7841	28	200	11310	11310	769	19	143	717899	11884	90	108443	103376	373	0	NA	136818	93157	0	1065078	7836	69826	NA	821275	12189	1065078	7836
2020-06-28	8	19	11	15	2	4	6	9			8060	7860	19	200	11319	11319	748	9	134	727127	9228	81	108667	103539	224	0	NA	136938	93157	0	1071326	6248	70476	NA	830666	9391	1071326	6248
2020-06-29	20	15	11	15	6	9	5	7			8095	7895	35	200	11345	11345	762	26	138	733519	6392	79	108768	103628	101	0	NA	137252	93157	0	1087438	16112	70768	NA	837147	6481	1087438	16112
2020-06-30	12	22	11	15	4	5	7	10			8054	7874	-41	180	11337	11337	733	-8	120	739259	5740	63	108882	103701	114	0	NA	137597	93157	0	1103550	16112	71686	NA	842960	5813	1103550	16112
2020-07-01	15	27	12	17	5	7	8	12			8081	7902	27	179	11352	11352	760	15	123	749292	10033	65	109143	103858	261	0	NA	137915	93157	0	1118078	14528	72752	NA	853150	10190	1118078	14528
2020-07-02	52	29	16	19	16	24	9	14			8132	7918	51	214	11392	11392	681	40	113	756920	7628	52	109338	104016	195	0	NA	138258	93157	0	1131994	13916	73613	NA	860936	7786	1131994	13916
2020-07-03	20	43	18	23	6	9	14	20			8149	7935	17	214	11436	11436	656	44	106	768152	11232	55	109628	104228	290	0	NA	138420	93157	0	1140333	8339	74598	NA	872380	11444	1140333	8339
2020-07-04	35	15	19	23	11	16	5	7			8172	7958	23	214	11461	11461	640	25	107	775929	7777	51	109838	104391	210	0	NA	138527	93157	0	1144610	4277	75302	NA	880320	7940	1144610	4277
2020-07-05	11	13	20	21	4	5	4	6			8183	7968	11	215	11463	11463	636	2	100	781711	5782	46	109974	104502	136	0	NA	138662	93157	0	1151255	6645	75636	NA	886213	5893	1151255	6645
2020-07-06	17	34	20	24	5	8	11	16			8198	7983	15	215	11469	11469	603	6	99	789280	7569	51	110137	104659	163	0	NA	139011	93157	0	1168234	16979	75795	NA	893939	7726	1168234	16979
2020-07-07	24	37	22	26	8	11	12	17			8213	7998	15	215	11489	11489	621	20	104	796422	7142	50	110338	104799	201	0	NA	139336	93157	0	1187946	19712	76090	NA	901221	7282	1187946	19712
2020-07-08	14	30	22	26	4	6	9	14			8243	8028	30	215	11517	11517	662	28	102	805393	8971	49	110602	104961	264	0	NA	139637	94347	0	1207451	19505	77150	NA	910354	9133	1207451	19505
2020-07-09	27	21	20	25	9	13	7	10			8268	8053	25	215	11559	11559	635	42	103	814864	9471	42	110897	105138	295	0	NA	139990	94347	0	1225191	17740	78417	NA	920002	9648	1225191	17740
2020-07-10	9	36	18	24	3	4	11	16			8296	8081	28	215	11582	11582	632	23	98	827506	12642	47	111110	105290	213	0	NA	140318	94347	0	1243451	18260	79073	NA	932796	12794	1243451	18260
2020-07-11	24	21	17	26	8	11	7	10			8310	8095	14	215	11600	11600	572	18	87	834936	7430	44	111398	105457	288	0	NA	140469	94347	0	1253667	10216	80061	NA	940393	7597	1253667	10216
2020-07-12	27	46	19	31	9	13	15	21			8325	8110	15	215	11608	11608	583	8	93	845883	10947	43	111597	105629	199	0	NA	140577	94347	0	1260707	7040	80573	NA	951512	11119	1260707	7040
2020-07-13	25	32	20	31	8	12	10	15			8330	8115	5	215	11611	11611	570	3	89	854316	8433	46	111827	105783	230	0	NA	140951	94347	0	1280742	20035	80888	NA	960099	8587	1280742	20035
2020-07-14	17	32	19	30	6	8	10	15			8340	8125	10	215	11625	11625	560	14	93	866084	11768	37	112130	105986	303	0	NA	141265	94347	0	1301642	20900	81525	NA	972070	11971	1301642	20900
2020-07-15	35	30	22	30	11	16	9	14			8368	8152	28	216	11651	11651	580	26	80	876366	10282	40	112347	106128	217	0	NA	141646	95390	0	1322563	20921	82409	NA	982494	10424	1322563	20921
2020-07-16	23	25	21	31	7	11	8	11			8380	8163	12	217	11663	11663	557	12	77	889103	12737	38	112581	106271	234	0	NA	141964	95390	0	1340149	17586	83598	NA	995374	12880	1340149	17586
2020-07-17	22	43	24	32	7	10	14	20			8402	8184	22	218	11691	11691	515	28	76	901708	12605	34	112879	106487	298	0	NA	142262	95390	0	1358139	17990	84539	NA	1008195	12821	1358139	17990
2020-07-18	42	26	26	32	13	20	8	12			8419	8201	17	218	11709	11709	499	18	86	913595	11887	43	113238	106664	359	0	NA	142431	95390	0	1369098	10959	85623	NA	1020259	12064	1369098	10959
2020-07-19	23	14	26	27	7	11	5	7			8431	8213	12	218	11717	11717	498	8	64	927001	13406	41	113534	106882	296	0	NA	142539	95390	0	1376714	7616	86165	NA	1033883	13624	1376714	7616
2020-07-20	31	20	27	26	10	15	6	9			8433	8214	2	219	11722	11722	483	5	67	937492	10491	38	113789	107056	255	0	NA	142899	95390	0	1394144	17430	86433	NA	1044548	10665	1394144	17430
2020-07-21	12	17	25	24	4	6	5	8			8450	8231	17	219	11746	11746	513	24	63	945148	7656	33	114033	107221	244	0	NA	143238	95390	0	1413854	19710	87006	NA	1052369	7821	1413854	19710
2020-07-22	35	28	25	23	11	16	9	13			8468	8249	18	219	11761	11761	532	15	63	955742	10594	37	114320	107413	287	0	NA	143566	96452	0	1432182	18328	87346	NA	1063155	10786	1432182	18328
2020-07-23	15	23	24	23	5	7	7	11			8484	8265	16	219	11770	11770	351	9	59	971605	15863	30	114647	107683	327	0	NA	143913	96452	0	1452393	20211	88712	NA	1079288	16133	1452393	20211
2020-07-24	26	57	24	24	8	12	18	26			8498	8279	14	219	11785	11785	397	15	49	984495	12890	29	114985	107897	338	0	NA	144243	96452	0	1469667	17274	89569	NA	1092392	13104	1469667	17274
2020-07-25	24	41	22	26	8	11	13	19			8510	8291	12	219	11813	11813	371	28	50	995615	11120	27	115268	108107	283	0	NA	144440	96452	0	1481044	11377	91756	NA	1103722	11330	1481044	11377
2020-07-26	14	33	21	29	5	7	10	15			8529	8310	19	219	11828	11828	364	15	56	1005122	9507	30	115637	108380	369	0	NA	144566	96452	0	1488394	7350	92459	NA	1113502	9780	1488394	7350
2020-07-27	28	31	20	31	9	13	10	14			8536	8317	7	219	11833	11833	350	5	57	1015231	10109	28	115926	108562	289	0	NA	144998	96452	0	1510417	22023	92664	NA	1123793	10291	1510417	22023
2020-07-28	NA	NA	22	34	0	0	0	0			8551	8331	15	220	11855	11855	364	22	54	1024934	9703	27	116182	108740	256	0	NA	145395	96452	0	1536007	25590	93124	NA	1133674	9881	1536007	25590
2020-07-29	30	24	22	33	9	14	8	11			8580	8360	29	220	11876	11876	390	21	62	1040134	15200	23	116684	109096	502	0	NA	145779	97595	0	1558049	22042	94348	NA	1149230	15556	1558049	22042
2020-07-30	NA	NA	24	35	0	0	0	0			8595	8375	15	220	11893	11893	367	17	55	1052054	11920	29	117098	109400	414	0	NA	146308	97595	0	1580970	22921	95217	NA	1161454	12224	1580970	22921
2020-07-31	29	81	24	38	9	13	25	37			8609	8389	14	220	11908	11908	347	15	58	1070818	18764	28	117612	109787	514	0	NA	146758	97595	0	1602496	21526	96180	NA	1180605	19151	1602496	21526
2020-08-01	NA	NA	24	37	0	0	0	0			8626	8406	17	220	11930	11930	369	22	53	1083123	12305	26	118040	110077	428	0	NA	146945	97595	0	1613551	11055	96964	NA	1193200	12595	1613551	11055
2020-08-02	NA	NA	29	39	0	0	0	0			8638	8417	12	221	11936	11936	406	6	68	1096082	12959	33	118458	110430	418	0	NA	147080	97595	0	1621729	8178	97293	NA	1206512	13312	1621729	8178
2020-08-03	109	109	46	59	35	51	34	50			8648	8427	10	221	11942	11942	375	6	64	1108195	12113	24	118657	110595	199	0	NA	147503	97595	0	1648689	26960	97515	NA	1218790	12278	1648689	26960
2020-08-04	74	47	51	56	23	34	15	22			8657	8436	9	221	11973	11973	354	31	56	1123073	14878	29	119203	111033	546	0	NA	147889	97595	0	1673078	24389	98298	NA	1234106	15316	1673078	24389
2020-08-05	101	43	70	65	32	47	14	20			8659	8438	2	221	11993	11993	396	20	57	1139951	16878	21	119643	111371	440	0	NA	148290	99021	0	1698416	25338	99170	NA	1251322	17216	1698416	25338
2020-08-06	27	48	57	61	8	12	15	22			8691	8470	32	221	12007	12007	403	14	73	1151344	11393	32	119874	111533	231	0	NA	148701	99021	0	1721559	23143	99768	NA	1262877	11555	1721559	23143
2020-08-07	18	41	52	53	6	8	13	19			8709	8488	18	221	12022	12022	390	15	69	1165764	14420	30	120291	111853	417	0	NA	149046	99021	0	1743447	21888	100383	NA	1277617	14740	1743447	21888
2020-08-08	NA	NA	52	53	0	0	0	0			8721	8500	12	221	12044	12044	386	22	68	1182033	16269	30	120711	112173	420	0	NA	149234	99021	0	1755478	12031	101139	NA	1294206	16589	1755478	12031
2020-08-09	NA	NA	52	53	0	0	0	0			8735	8514	14	221	12054	12054	375	10	60	1198899	16866	26	121040	112459	329	0	NA	149301	99021	0	1763161	7683	101485	NA	1311358	17152	1763161	7683
2020-08-10	42	62	43	48	13	20	20	29			8741	8519	6	222	12062	12062	380	8	60	1209961	11062	25	121315	112673	275	0	NA	149527	99021	0	1778102	14941	101714	NA	1322634	11276	1778102	14941
2020-08-11	NA	NA	38	48	0	0	0	0			8751	8529	10	222	12089	12089	387	27	70	1224637	14676	33	121707	112969	392	0	NA	149568	99021	0	1781520	3418	102208	NA	1337606	14972	1781520	3418
2020-08-12	27	57	27	52	8	12	18	27			8769	8547	18	222	12109	12109	422	20	64	1240101	15464	33	122000	113198	293	0	NA	149570	100486	0	1781548	28	102782	62738	1353299	15693	1781548	28
2020-08-13	NA	NA	27	53	0	0	0	0			8790	8568	21	222	12131	12131	401	22	61	1267661	27560	26	122319	113517	319	0	NA	149968	100486	0	1821031	39483	103573	63165	1381178	27879	1821031	39483
2020-08-14	18	45	27	55	6	8	14	21			8804	8582	14	222	12150	12150	398	19	58	1289001	21340	31	122531	113729	212	0	NA	150223	100486	0	1853032	32001	104191	64773	1402730	21552	1853032	32001
2020-08-15	NA	NA	27	55	0	0	0	0			8818	8596	14	222	12170	12170	375	20	65	1311604	22603	27	122897	114095	366	0	NA	150687	100486	0	1886299	33267	104872	66513	1425699	22969	1886299	33267
2020-08-16	NA	NA	27	55	0	0	0	0			8829	8607	11	222	12173	12173	372	3	65	1326768	15164	28	123200	114398	303	0	NA	151061	100486	0	1908475	22176	105287	68697	1441166	15467	1908475	22176
2020-08-17	24	44	23	48	8	11	14	20			8833	8611	4	222	12178	12178	367	5	59	1341501	14733	22	123413	114611	213	0	NA	151327	100486	0	1929891	21416	105540	69018	1456112	14946	1929891	21416
2020-08-18	NA	NA	23	48	0	0	0	0			8839	8617	6	222	12192	12192	374	14	66	1352979	11478	23	123588	114786	175	0	NA	151543	100486	0	1946517	16626	105874	70597	1467765	11653	1946517	16626
2020-08-19	50	87	28	56	16	23	27	40			8876	8645	37	231	12213	12213	365	21	66	1372225	19246	27	124415	115048	827	0	NA	151869	102205	0	1974918	28401	106540	72330	1487273	19508	1974918	28401
2020-08-20	NA	NA	28	56	0	0	0	0			8888	8657	12	231	12225	12225	379	12	62	1393794	21569	23	124728	115310	313	0	NA	152204	102205	0	2009062	34144	107203	72890	1509104	21831	2009062	34144
2020-08-21	35	60	35	61	11	16	19	28			8901	8670	13	231	12245	12245	322	20	66	1420121	26327	15	125216	115741	488	0	NA	152702	102205	0	2050871	41809	108011	74485	1535862	26758	2050871	41809
2020-08-22	NA	NA	35	61	0	0	0	0			8921	8690	20	231	12256	12256	315	11	50	1428313	8192	20	125360	115850	144	0	NA	152852	102205	0	2064529	13658	108343	74606	1544163	8301	2064529	13658
2020-08-23	NA	NA	35	61	0	0	0	0			8921	8690	0	231	12256	12256	315	0	50	1428313	0	20	125360	115850	0	0	NA	152852	102205	0	2064529	0	108343	74606	1544163	0	2064529	0
2020-08-24	21	38	33	58	7	10	12	17			8948	8717	27	231	12268	12268	308	12	62	1465557	37244	26	126022	116421	662	0	NA	153528	102205	0	2122991	58462	109138	77748	1581978	37815	2122991	58462
2020-08-25	NA	NA	33	58	0	0	0	0			8960	8729	12	231	12279	12279	327	11	61	1487982	22425	28	126420	116770	398	0	NA	153951	102205	0	2157864	34873	109535	79979	1604752	22774	2157864	34873
2020-08-26	31	48	28	48	10	15	15	22			8987	8755	27	232	12299	12299	356	20	68	1507411	19429	29	126756	117085	336	0	NA	154356	103920	0	2194342	36478	110379	82123	1624496	19744	2194342	36478
2020-08-27	NA	NA	28	48	0	0	0	0			9007	8775	20	232	12318	12318	333	19	61	1532386	24975	29	127124	117450	368	0	NA	154839	103920	0	2246626	52284	111148	82573	1649836	25340	2246626	52284
2020-08-28	38	60	29	48	12	17	19	27			9023	8791	16	232	12334	12334	312	16	60	1555664	23278	26	127584	117888	460	0	NA	155347	103920	0	2290752	44126	111578	83972	1673552	23716	2290752	44126
2020-08-29	NA	NA	29	48	0	0	0	0			9036	8803	13	232	12358	12358	305	24	62	1579125	23461	26	128030	118309	446	0	NA	155842	103920	0	2339669	48917	112464	85450	1697434	23882	2339669	48917
2020-08-30	NA	NA	29	48	0	0	0	0			9049	8816	13	232	12361	12361	290	3	62	1595545	16420	25	128229	118483	199	0	NA	156076	103920	0	2372564	32895	112603	86612	1714028	16594	2372564	32895
2020-08-31	47	61	38	56	15	22	19	28			9060	8827	11	232	12364	12364	314	3	56	1613984	18439	22	128533	118784	304	0	NA	156404	103920	0	2404426	31862	112727	86838	1732768	18740	2404426	31862
2020-09-01	NA	NA	38	56	0	0	0	0			9064	8831	4	232	12386	12386	320	22	55	1635284	21300	29	128888	119138	355	0	NA	156836	103920	0	2448341	43915	112996	87251	1754422	21654	2448341	43915
2020-09-02	54	144	46	81	17	25	46	67			9060	8853	-4	207	12295	12295	308	-91	58	1650575	15291	29	121131	119426	-7757	0	NA	157208	103920	0	2478482	30141	113667	89417	1770001	15579	2478482	30141
2020-09-03	NA	NA	46	81	0	0	0	0			9077	8870	17	207	12325	12325	312	30	61	1681766	31191	28	121546	119819	415	0	NA	157684	105769	0	2560869	82387	114108	90721	1801585	31584	2560869	82387
2020-09-04	52	138	51	107	17	24	44	64			9100	8892	23	208	12335	12335	333	10	60	1699106	17340	26	121758	120038	212	0	NA	158114	105769	0	2600312	39443	114277	91070	1819144	17559	2600312	39443
2020-09-05	NA	NA	51	107	0	0	0	0			9116	8907	16	209	12347	12347	325	12	48	1719479	20373	25	122196	120454	438	0	NA	158624	105769	0	2660462	60150	114635	92567	1839933	20789	2660462	60150
2020-09-06	NA	NA	51	107	0	0	0	0			9125	8917	9	208	12350	12350	312	3	52	1736840	17361	22	122562	120824	366	0	NA	159076	105769	0	2704512	44050	114941	92907	1857664	17731	2704512	44050
2020-09-07	65	59	57	105	20	30	19	27			9133	8925	8	208	12357	12357	322	7	56	1746488	9648	20	122791	121046	229	0	NA	159337	105769	0	2728153	23641	115013	93223	1867534	9870	2728153	23641
2020-09-08	NA	NA	57	105	0	0	0	0			9141	8933	8	208	12368	12368	328	11	47	1755759	9271	24	122962	121214	171	0	NA	159560	105769	0	2758384	30231	115057	94986	1876973	9439	2758384	30231
2020-09-09	71	46	62	72	22	33	15	21			9146	8937	5	209	12387	12387	338	19	49	1766927	11168	21	123143	121396	181	0	NA	159836	107501	0	2798585	40201	115319	95385	1888323	11350	2798585	40201
2020-09-10	38	59	55	69	12	17	19	27			9166	8957	20	209	12401	12401	355	14	59	1784453	17526	21	123546	121759	403	0	NA	160263	107501	0	2852550	53965	115578	97848	1906212	17889	2852550	53965
2020-09-11	52	46	55	52	17	24	15	21			9180	8971	14	209	12411	12411	330	10	60	1803416	18963	22	123986	122202	440	0	NA	160811	107501	0	2905353	52803	115893	100148	1925618	19406	2905353	52803
2020-09-12	19	51	44	52	6	9	16	24			9196	8987	16	209	12426	12426	331	15	64	1821294	17878	25	124540	122637	554	0	NA	161336	107501	0	2968723	63370	116242	106383	1943931	18313	2968723	63370
2020-09-13	25	44	40	51	8	11	14	20			9210	9001	14	209	12431	12431	313	5	61	1833129	11835	21	124826	122904	286	0	NA	161677	107501	0	3006158	37435	116531	108478	1956033	12102	3006158	37435
2020-09-14	27	49	35	49	8	12	15	22			9219	9010	9	209	12442	12442	302	11	63	1845095	11966	17	125080	123139	254	0	NA	161982	107501	0	3038625	32467	116598	109470	1968234	12201	3038625	32467
2020-09-15	70	45	38	48	22	32	14	21			9225	9016	6	209	12462	12462	310	20	52	1856605	11510	23	125393	123425	313	0	NA	162343	107501	0	3075812	37187	116752	110849	1980030	11796	3075812	37187
2020-09-16	68	48	38	49	21	31	15	22			9245	9036	20	209	12478	12478	352	16	66	1872942	16337	24	125699	123720	306	0	NA	162714	109397	0	3131714	55902	117107	112394	1996662	16632	3131714	55902
2020-09-17	36	54	38	48	11	17	17	25			9260	9051	15	209	12496	12496	377	18	64	1900167	27225	26	126128	124139	429	0	NA	163227	109397	0	3199563	67849	117453	113845	2024306	27644	3199563	67849
2020-09-18	45	75	37	51	14	21	24	34			9269	9059	9	210	12514	12514	338	18	62	1921953	21786	25	126582	124570	454	0	NA	163794	109397	0	3264873	65310	117770	115162	2046523	22217	3264873	65310
2020-09-19	53	31	43	48	17	24	10	14			9295	9085	26	210	12537	12537	362	23	65	1942682	20729	28	127181	125139	599	0	NA	164504	109397	0	3337292	72419	118069	116565	2067821	21298	3337292	72419
2020-09-20	85	32	51	46	27	39	10	15			9310	9100	15	210	12545	12545	364	8	61	1959741	17059	34	127540	125479	359	0	NA	164924	109397	0	3399512	62220	118289	117973	2085220	17399	3399512	62220
2020-09-21	61	24	58	41	19	28	7	11			9317	9107	7	210	12553	12553	367	8	69	1970320	10579	31	127796	125723	256	0	NA	165228	109397	0	3436161	36649	118364	119095	2096043	10823	3436161	36649
2020-09-22	41	44	53	41	13	19	14	20			9328	9118	11	210	12571	12571	371	18	67	1979312	8992	27	127969	125866	173	0	NA	165412	109397	0	3476679	40518	118447	120496	2105178	9135	3476679	40518
2020-09-23	46	41	51	40	15	21	13	19			9347	9135	19	212	12592	12592	361	21	71	1999432	20120	26	128512	126408	543	0	NA	166112	111479	0	3557548	80869	118843	121231	2125840	20662	3557548	80869
2020-09-24	46	31	52	37	15	21	10	14			9362	9150	15	212	12606	12606	375	14	75	2017533	18101	29	128993	126863	481	0	NA	166664	111479	0	3642716	85168	119164	122954	2144396	18556	3642716	85168
2020-09-25	60	34	55	33	19	28	11	16			9373	9160	11	213	12619	12619	389	13	78	2032933	15400	31	129481	127317	488	0	NA	167221	111479	0	3706728	64012	119449	124547	2160250	15854	3706728	64012
2020-09-26	NA	NA	55	34	0	0	0	0			9391	9178	18	213	12637	12637	354	18	77	2046728	13795	28	130050	127832	569	0	NA	167823	111479	0	3780020	73292	119693	126039	2174560	14310	3780020	73292
2020-09-27	NA	NA	50	34	0	0	0	0			9404	9191	13	213	12645	12645	408	8	79	2064199	17471	27	130642	128426	592	0	NA	168544	111479	0	3881846	101826	119935	126585	2192625	18065	3881846	101826
2020-09-28	46	43	47	38	15	21	14	20			9415	9202	11	213	12648	12648	418	3	85	2076881	12682	31	131072	128793	430	0	NA	168973	111479	0	3931219	49373	119987	129009	2205674	13049	3931219	49373
2020-09-29	NA	NA	49	37	0	0	0	0			9423	9210	8	213	12667	12667	444	19	107	2090555	13674	27	131584	129243	512	0	NA	169522	111479	0	3988224	57005	120133	130459	2219798	14124	3988224	57005
2020-09-30	58	21	52	31	18	27	7	10			9456	9242	33	214	12686	12686	438	19	89	2104449	13894	29	132116	129753	532	0	NA	170156	113768	0	4050617	62393	120418	131852	2234202	14404	4050617	62393
2020-10-01	NA	NA	54	31	0	0	0	0			9480	9265	24	215	12715	12715	436	29	84	2121900	17451	32	132870	130461	754	0	NA	170958	113768	0	4125104	74487	120585	133689	2252361	18159	4125104	74487
2020-10-02	68	34	57	31	22	32	11	16			9490	9275	10	215	12733	12733	421	18	79	2142598	20698	34	133631	131214	761	0	NA	171892	113768	0	4200018	74914	120977	134197	2273812	21451	4200018	74914
2020-10-03	NA	NA	57	31	0	0	0	0			9507	9292	17	215	12745	12745	416	12	75	2155811	13213	27	134303	131814	672	0	NA	172557	113768	0	4265786	65768	121078	136823	2287625	13813	4265786	65768
2020-10-04	NA	NA	57	31	0	0	0	0			9510	9295	3	215	12749	12749	438	4	83	2174166	18355	27	134947	132440	644	0	NA	173288	113768	0	4334501	68715	121397	138291	2306606	18981	4334501	68715
2020-10-05	63	38	63	30	20	29	12	17			9530	9315	20	215	12755	12755	473	6	88	2184966	10800	33	135462	132905	515	0	NA	173830	113768	0	4371050	36549	121464	139854	2317871	11265	4371050	36549
2020-10-06	NA	NA	63	30	0	0	0	0			9538	9323	8	215	12775	12775	494	20	85	2197297	12331	31	135957	133359	495	0	NA	174382	113768	0	4416428	45378	121620	141849	2330656	12785	4416428	45378
2020-10-07	59	70	63	45	19	27	22	33			9557	9342	19	215	12807	12807	515	32	83	2212922	15625	34	136492	133868	535	0	NA	175047	116364	0	4478131	61703	121906	143436	2346790	16134	4478131	61703
2020-10-08	NA	NA	63	45	0	0	0	0			9565	9350	8	215	12830	12830	484	23	85	2226548	13626	23	136936	134277	444	0	NA	175537	116364	0	4541516	63385	122087	145573	2360825	14035	4541516	63385
2020-10-09	66	56	63	53	21	31	18	26			9577	9362	12	215	12846	12846	500	16	88	2245381	18833	28	137701	135011	765	0	NA	176443	116364	0	4601434	59918	122441	147155	2380392	19567	4601434	59918
2020-10-10	NA	NA	63	53	0	0	0	0			9587	9372	10	215	12861	12861	531	15	86	2259954	14573	28	138340	135598	639	0	NA	177148	116364	0	4670758	69324	122655	149566	2395552	15160	4670758	69324
2020-10-11	NA	NA	63	53	0	0	0	0			9604	9388	17	216	12871	12871	511	10	85	2275181	15227	29	138903	136168	563	0	NA	177860	116364	0	4748004	77246	122843	150341	2411349	15797	4748004	77246
2020-10-12	63	52	63	59	20	29	16	24			9617	9401	13	216	12882	12882	501	11	82	2293217	18036	32	139663	136933	760	0	NA	178806	116364	0	4815399	67395	122982	150702	2430150	18801	4815399	67395
2020-10-13	NA	NA	63	59	0	0	0	0			9630	9413	13	217	12899	12899	514	17	87	2306329	13112	27	140412	137565	749	0	NA	179559	116364	0	4857515	42116	123089	154194	2443894	13744	4857515	42116
2020-10-14	103	71	76	59	32	47	22	33			9647	9429	17	218	12933	12933	499	34	88	2318868	12539	28	140992	138083	580	0	NA	180226	118892	0	4896199	38684	123336	156556	2456951	13057	4896199	38684
2020-10-15	NA	NA	76	59	0	0	0	0			9672	9452	25	220	12946	12946	503	13	92	2333037	14169	34	141579	138651	587	0	NA	180913	118892	0	4955322	59123	123572	157165	2471688	14737	4955322	59123
2020-10-16	105	101	88	72	33	49	32	46			9702	9482	30	220	12971	12971	513	25	77	2347297	14260	33	142346	139353	767	0	NA	181769	118892	0	5012963	57641	123893	160204	2486650	14962	5012963	57641
2020-10-17	NA	NA	88	72	0	0	0	0			9723	9503	21	220	12990	12990	500	19	88	2359142	11845	36	142930	139903	584	0	NA	182472	118892	0	5088797	75834	123968	161945	2499045	12395	5088797	75834
2020-10-18	121	263	95	99	38	56	83	121			9737	9517	14	220	13001	13001	483	11	83	2373986	14844	32	143660	140647	730	0	NA	183400	118892	0	5168943	80146	124154	162157	2514633	15588	5168943	80146
2020-10-19	259	116	136	122	82	120	37	54			9753	9532	16	221	13009	13009	500	8	86	2390813	16827	33	144488	141474	828	0	NA	184514	118892	0	5239651	70708	124340	162655	2532287	17654	5239651	70708
2020-10-20	175	130	143	123	55	81	41	60			9758	9537	5	221	13021	13021	517	12	94	2407230	16417	35	145464	142295	976	0	NA	185451	118892	0	5306041	66390	124711	166394	2549525	17238	5306041	66390
2020-10-21	271	95	173	131	86	125	30	44			9780	9559	22	221	13056	13056	519	35	91	2419306	12076	36	146166	142941	702	0	NA	186257	118892	0	5366394	60353	124834	168123	2562247	12722	5366394	60353
2020-10-22	214	131	179	131	68	99	42	61			9810	9589	30	221	13082	13082	521	26	103	2436286	16980	38	147215	143927	1049	0	NA	187420	122856	0	5441066	74672	125118	169922	2580213	17966	5441066	74672
2020-10-23	120	103	183	131	38	55	33	48			9830	9608	20	222	13106	13106	570	24	125	2451079	14793	43	148285	144895	1070	0	NA	188566	122856	0	5515148	74082	125399	171903	2595974	15761	5515148	74082
2020-10-24	118	132	172	132	37	54	42	61			9839	9616	9	223	13126	13126	551	20	114	2469119	18040	45	149488	146023	1203	0	NA	189918	122856	0	5585169	70021	125639	173868	2615142	19168	5585169	70021
2020-10-25	179	126	182	118	57	83	40	58			9864	9640	25	224	13142	13142	538	16	109	2485042	15923	45	150565	147120	1077	0	NA	191267	122856	0	5668015	82846	125829	174264	2632162	17020	5668015	82846
2020-10-26	120	120	163	119	38	55	38	55			9881	9657	17	224	13160	13160	550	18	105	2503912	18870	43	151777	148336	1212	0	NA	192778	122856	0	5723873	55858	125973	174754	2652248	20086	5723873	55858
2020-10-27	173	129	163	119	55	80	41	60			9888	9664	7	224	13160	13160	567	0	109	2516614	12702	47	153037	149361	1260	0	NA	193911	122856	0	5781231	57358	126155	178728	2665975	13727	5781231	57358
2020-10-28	156	190	150	131	49	72	60	88			9924	9700	36	224	13213	13213	582	53	106	2534122	17508	49	154218	150498	1181	0	NA	195310	122856	0	5865571	84340	126476	180772	2684620	18645	5865571	84340
2020-10-29	92	97	133	126	29	43	31	45			9951	9727	27	224	13235	13235	561	22	99	2551212	17090	49	155564	151741	1346	0	NA	196751	127054	0	5931323	65752	126754	183029	2702953	18333	5931323	65752
2020-10-30	134	201	135	138	42	62	64	93			9975	9750	24	225	13253	13253	571	18	106	2569972	18760	47	157146	153229	1582	0	NA	198485	127054	0	6009927	78604	127016	184974	2723201	20248	6009927	78604
2020-10-31	68	148	125	140	21	31	47	68			9991	9766	16	225	13286	13286	623	33	118	2586802	16830	53	158576	154521	1430	0	NA	199991	127054	0	6103161	93234	127219	187483	2741323	18122	6103161	93234
2020-11-01	145	139	122	142	46	67	44	64			10013	9788	22	225	13299	13299	613	13	113	2602387	15585	55	159707	155660	1131	0	NA	201330	127054	0	6165624	62463	127372	188181	2758047	16724	6165624	62463
2020-11-02	181	186	129	151	57	84	59	86			10023	9797	10	226	13299	13299	469	0	96	2615698	13311	50	160549	156385	842	0	NA	202224	127054	0	6217043	51419	127372	190746	2772083	14036	6217043	51419
2020-11-03	256	317	136	172	81	118	100	146			10035	9809	12	226	13299	13299	485	0	96	2628852	13154	51	161585	157308	1036	0	NA	203311	127054	0	6271886	54843	127372	193148	2786160	14077	6271886	54843
2020-11-04	177	183	139	171	56	82	58	85			10062	9836	27	226	13299	13299	502	0	109	2649240	20388	55	163299	158937	1714	0	NA	205314	127054	0	6374952	103066	127372	195447	2808177	22017	6374952	103066
2020-11-05	269	354	162	206	85	124	112	163			10085	9859	23	226	13373	13373	498	74	115	2671933	22693	56	165161	160698	1862	0	NA	207306	131646	0	6461311	86359	127372	197543	2832631	24454	6461311	86359
2020-11-06	206	207	172	207	65	95	65	96			10106	9880	21	226	13373	13373	513	0	118	2690585	18652	57	167274	162736	2113	0	11842	209659	131646	0	6547668	86357	128053	200056	2853321	20690	6547668	86357
2020-11-07	240	221	206	219	76	111	70	102			10129	9903	23	226	13373	13373	535	0	127	2712191	21606	60	169576	164936	2302	0	11842	212158	131646	0	6639954	92286	128053	202372	2877127	23806	6639954	92286
2020-11-08	270	322	225	247	85	125	102	149			10149	9923	20	226	13373	13373	568	0	144	2730521	18330	62	171399	166745	1823	0	11842	214280	131646	0	6720526	80572	128053	203073	2897266	20139	6720526	80572
2020-11-09	273	226	239	254	86	126	71	105			10163	9936	14	227	13373	13373	588	0	143	2743519	12998	66	172727	167929	1328	0	11842	215662	131646	0	6767987	47461	128053	205541	2911448	14182	6767987	47461
2020-11-10	291	339	243	257	92	135	107	157			10184	9957	21	227	13373	13373	618	0	150	2757216	13697	68	174881	169976	2154	0	11842	217992	131646	0	6826328	58341	128053	207947	2927192	15744	6826328	58341
2020-11-11	244	396	255	287	77	113	125	183			10222	9994	38	228	13373	13373	659	0	152	2775173	17957	72	177541	172471	2660	0	11842	220852	131646	0	6906649	80321	128053	210771	2947644	20452	6906649	80321
2020-11-12	341	318	263	282	108	158	101	147			10242	10015	20	227	13588	13588	661	215	151	2794422	19249	68	180189	174953	2648	0	11842	223573	137422	0	7004724	98075	128053	213220	2969375	21731	7004724	98075
2020-11-13	255	301	272	298	81	118	95	139			10265	10038	23	227	13588	13588	687	0	153	2813634	19212	71	183095	177627	2906	0	11910	226622	137422	0	7086029	81305	129352	218466	2991261	21886	7086029	81305
2020-11-14	359	313	288	313	114	166	99	145			10293	10065	28	228	13588	13588	705	0	151	2838585	24951	71	186142	180468	3047	0	11910	229868	137422	0	7197095	111066	129352	221431	3019053	27792	7197095	111066
2020-11-15	382	286	302	307	121	177	90	132			10329	10098	36	231	13588	13588	737	0	159	2854649	16064	70	188275	182544	2133	0	11910	232360	137422	0	7268466	71371	129352	222261	3037193	18140	7268466	71371
2020-11-16	300	311	307	322	95	139	98	143			10340	10110	11	230	13588	13588	781	0	159	2869642	14993	74	190439	184511	2164	0	11910	234611	137422	0	7321731	53265	129352	225360	3054153	16960	7321731	53265
2020-11-17	428	412	324	331	135	198	130	190			10360	10130	20	230	13588	13588	835	0	159	2885122	15480	73	192964	186774	2525	0	11910	237174	137422	0	7387199	65468	129352	229932	3071896	17743	7387199	65468
2020-11-18	380	353	345	325	120	176	112	163			10407	10177	47	230	13588	13588	885	0	173	2905440	20318	72	195868	189518	2904	0	11910	240381	137422	0	7484835	97636	129352	234128	3094958	23062	7484835	97636
2020-11-19	211	384	322	334	67	97	121	177			10435	10204	28	231	13817	13817	917	229	181	2924858	19418	75	198550	192050	2682	0	12007	243281	145682	0	7576974	92139	130696	237534	3116908	21950	7576974	92139
2020-11-20	305	371	330	344	96	141	117	171			10469	10238	34	231	13817	13817	904	0	179	2947448	22590	75	200949	194338	2399	0	12007	245981	145682	0	7648243	71269	130696	240068	3141786	24878	7648243	71269
2020-11-21	270	385	317	355	85	125	122	178			10488	10257	19	231	13817	13817	891	0	187	2977016	29568	85	204155	197329	3206	0	12007	249489	145682	0	7757482	109239	130696	244122	3174345	32559	7757482	109239
2020-11-22	411	435	320	377	130	190	138	201			10512	10281	24	231	13817	13817	893	0	192	3000205	23189	88	206850	200050	2695	0	12007	252791	145682	0	7867762	110280	130696	244860	3200255	25910	7867762	110280
2020-11-23	553	267	350	369	175	256	84	123			10531	10299	19	232	13817	13817	922	0	204	3013965	13760	91	208623	201835	1773	0	12007	254878	145682	0	7920042	52280	130696	245501	3215800	15545	7920042	52280
2020-11-24	526	518	360	381	166	243	164	239			10551	10319	20	232	13817	13817	954	0	205	3034374	20409	99	211199	204060	2576	0	12007	257495	145682	0	8000861	80819	130696	250995	3238434	22634	8000861	80819
2020-11-25	497	459	374	395	157	230	145	212			10604	10372	53	232	13817	13817	942	0	208	3060815	26441	108	214594	207284	3395	0	12007	261393	145682	0	8130694	129833	130696	254007	3268099	29665	8130694	129833
2020-11-26	1052	495	471	410	333	486	156	229			10604	10372	0	232	13817	13817	942	0	208	3060815	0	108	214594	207284	0	0	12007	261393	145682	0	8130694	0	130696	254007	3268099	0	8130694	0
2020-11-27	568	561	515	435	179	262	177	259			10635	10401	31	234	14139	14139	986	322	209	3089928	29113	109	219252	211748	4658	0	12130	266566	155473	0	8250436	119742	132492	257397	3301676	33577	8250436	119742
2020-11-28	748	546	595	457	236	346	173	252			10676	10441	41	235	14139	14139	1045	0	225	3104965	15037	111	222469	214662	3217	0	12130	269851	155473	0	8322705	72269	132492	261693	3319627	17951	8322705	72269
2020-11-29	646	520	635	469	204	299	164	240			10722	10487	46	235	14139	14139	1081	0	238	3120723	15758	110	224964	217163	2495	0	12130	272685	155473	0	8371390	48685	132492	262332	3337886	18259	8371390	48685
2020-11-30	771	675	666	536	244	356	213	312			10748	10512	26	236	14139	14139	1174	0	244	3127214	6491	126	226132	218329	1168	0	12130	274046	155473	0	8400584	29194	132492	262710	3345543	7657	8400584	29194
2020-12-01	537	862	668	576	170	248	272	398			10778	10542	30	236	14139	14139	1191	0	239	3142496	15282	130	229205	221174	3073	0	12130	277245	155473	0	8460417	59833	132492	265989	3363670	18127	8460417	59833
2020-12-02	431	857	655	630	136	199	271	396			10824	10588	46	236	14139	14139	1259	0	264	3161191	18695	126	234232	225787	5027	0	12130	282607	155473	0	8566262	105845	132492	270281	3386978	23308	8566262	105845
2020-12-03	824	888	632	685	260	381	280	410			10874	10637	50	237	14397	14397	1324	258	261	3186939	25748	137	240907	232264	6675	0	12193	289972	169809	0	8677996	111734	133429	272797	3419203	32225	8677996	111734
2020-12-04	1578	1384	732	779	499	729	438	640			10910	10674	36	236	14397	14397	1394	0	278	3207957	21018	134	246398	237456	5491	0	12193	295839	169809	0	8774697	96701	133429	275819	3445413	26210	8774697	96701
2020-12-05	647	956	716	844	204	299	302	441			10953	10715	43	238	14397	14397	1428	0	283	3230907	22950	138	252017	242812	5619	0	12193	301751	169809	0	8880813	106116	133429	279060	3473719	28306	8880813	106116
2020-12-06	1042	1035	767	931	329	481	327	478			11004	10763	51	241	14397	14397	1416	0	298	3250728	19821	139	256844	247559	4827	0	12193	307148	169809	0	8970252	89439	133429	280427	3498287	24568	8970252	89439
2020-12-07	1135	1219	811	1013	359	524	385	563			11035	10793	31	242	14397	14397	1516	0	302	3261771	11043	153	259325	250022	2481	0	12193	309976	169809	0	9013556	43304	133429	280896	3511793	13506	9013556	43304
2020-12-08	827	725	862	988	261	382	229	335			11076	10833	41	243	14397	14397	1552	0	310	3276717	14946	166	263447	253649	4122	0	12193	313988	169809	0	9072057	58501	133429	284946	3530366	18573	9072057	58501
2020-12-09	784	629	939	945	248	362	199	291			11166	10922	90	244	14397	14397	1576	0	308	3297033	20316	162	269412	259324	5965	0	12193	320562	169809	0	9181066	109009	133429	287469	3556357	25991	9181066	109009
2020-12-10	954	812	959	933	301	441	257	375			11209	10963	43	246	14823	14823	1607	426	307	3315387	18354	168	274781	264454	5369	0	12349	326430	187221	0	9278419	97353	135208	290670	3579841	23484	9278419	97353
2020-12-11	882	1146	883	909	279	408	362	529			11257	11010	48	247	14823	14823	1605	0	309	3336332	20945	165	280436	269929	5655	0	12349	332659	187221	0	9377600	99181	135208	293014	3606261	26420	9377600	99181
2020-12-12	764	1023	904	918	241	353	323	473			11307	11057	50	250	14823	14823	1670	0	334	3355023	18691	170	285725	274897	5289	0	12349	338478	187221	0	9477319	99719	135208	296649	3629920	23659	9477319	99719
2020-12-13	1013	1356	900	954	320	468	428	626			11349	11098	42	251	14823	14823	1707	0	342	3372774	17751	178	290578	279574	4853	0	12349	343992	187221	0	9567575	90256	135208	299450	3652348	22428	9567575	90256
2020-12-14	1272	1195	915	951	402	588	378	552			11388	11135	39	253	14823	14823	1788	0	354	3386378	13604	186	294231	283146	3653	0	12349	348122	187221	0	9623697	56122	135208	300791	3669524	17176	9623697	56122
2020-12-15	790	202	909	792	249	365	64	93			11443	11190	55	253	14823	14823	1834	0	371	3401993	15615	200	298160	286866	3929	0	12349	352414	187221	0	9684933	61236	135208	303783	3688859	19335	9684933	61236
2020-12-16	922	877	930	831	292	426	277	405			11513	11261	70	252	14823	14823	1851	0	382	3424767	22774	205	304112	292316	5952	0	12349	358906	187221	0	9809105	124172	135208	309136	3717083	28224	9809105	124172
2020-12-17	1143	1111	955	869	361	528	351	513			11558	11305	45	253	15372	15372	1871	549	383	3443888	19121	207	309247	297301	5135	0	12560	364785	206843	0	9901732	92627	137188	312716	3741189	24106	9901732	92627
2020-12-18	793	1048	940	858	250	366	331	484			11610	11358	52	252	15372	15372	1874	0	370	3470184	26296	204	314926	302933	5679	0	12560	371377	206843	0	10007766	106034	137188	315192	3773117	31928	10007766	106034
2020-12-19	674	1176	924	875	213	311	372	543			11657	11405	47	252	15372	15372	1927	0	383	3483491	13307	196	319270	306928	4344	0	12560	375857	206843	0	10087980	80214	137188	319467	3790419	17302	10087980	80214
2020-12-20	950	897	915	825	300	439	284	415			11717	11465	60	252	15372	15372	1919	0	387	3500246	16755	205	323531	311090	4261	0	12560	380769	206843	0	10178769	90789	137188	321267	3811336	20917	10178769	90789
2020-12-21	923	775	874	775	292	426	245	358			11759	11506	42	253	15372	15372	1991	0	410	3515535	15289	215	327374	314850	3843	0	12560	385357	206843	0	10239836	61067	137188	322335	3830385	19049	10239836	61067
2020-12-22	999	995	904	974	316	462	315	460			11804	11549	45	255	15372	15372	2004	0	412	3530284	14749	233	331174	318143	3800	0	12560	389326	206843	0	10301914	62078	137188	327368	3848427	18042	10301914	62078
2020-12-23	1058	841	922	968	334	489	266	389			11887	11630	83	257	15372	15372	2066	0	409	3548835	18551	226	335988	322652	4814	0	12560	395232	206843	0	10399569	97655	137188	331189	3871487	23060	10399569	97655
2020-12-24	844	985	883	952	267	390	311	455			11963	11706	76	257	15905	15905	2095	533	409	3572264	23429	232	341925	328307	5937	0	12756	401647	229910	0	10514045	114476	139022	335800	3900571	29084	10514045	114476
2020-12-25	851	907	892	932	269	393	287	419			11963	11706	0	257	15905	15905	2095	0	409	3572264	0	232	341925	328307	0	0	12756	401647	229910	0	10514045	0	139022	335800	3900571	0	10514045	0
2020-12-26	531	551	862	836	168	245	174	255			12010	11752	47	258	15905	15905	2077	0	416	3595082	22818	232	349602	335731	7677	0	12756	409908	229910	0	10622490	108445	139022	340254	3930813	30242	10622490	108445
2020-12-27	309	1208	734	873	97	143	382	558			12110	11852	100	258	15905	15905	2156	0	416	3603728	8646	230	352736	338704	3134	0	12756	413307	229910	0	10663821	41331	139022	343468	3942432	11619	10663821	41331
2020-12-28	813	1448	721	954	257	375	458	669			12158	11900	48	258	15905	15905	2230	0	430	3614660	10932	234	356934	342764	4198	0	12756	418051	229910	0	10713593	49772	139022	344885	3957424	14992	10713593	49772
2020-12-29	1014	774	722	921	321	469	245	358			12218	11958	60	260	15905	15905	2259	0	431	3625653	10993	225	361079	346423	4145	0	12756	422263	229910	0	10762822	49229	139022	349077	3972076	14652	10762822	49229
2020-12-30	922	1451	708	995	291	426	458	670			12338	12076	120	262	15905	15905	2257	0	433	3640768	15115	231	367918	352558	6839	0	12756	429346	229910	0	10848872	86050	139022	356615	3993326	21250	10848872	86050
2020-12-31	831	792	707	965	263	384	250	366			12423	12157	85	266	16098	16098	2271	193	417	3658165	17397	240	375178	359445	7260	0	12915	437155	261672	0	10944699	95827	140254	360840	4017610	24284	10944699	95827
2021-01-01	733	473	692	879	232	339	149	219			12423	12157	0	266	16098	16098	2271	0	417	3658165	0	240	375178	359445	0	0	12915	437155	261672	0	10944699	0	140254	360840	4017610	0	10944699	0
2021-01-02	820	367	736	829	259	379	116	169			12502	12236	79	266	16098	16098	2280	0	412	3679369	21204	246	384181	367987	9003	0	12915	446675	261672	0	11046093	101394	140254	366370	4047356	29746	11046093	101394
2021-01-03	1120	395	885	707	354	517	125	183			12610	12341	108	269	16098	16098	2291	0	416	3687911	8542	258	387662	371097	3481	0	12915	450251	261672	0	11090924	44831	140254	370296	4059008	11652	11090924	44831
2021-01-04	1154	546	931	615	365	533	172	252			12671	12401	61	270	16098	16098	2339	0	423	3698749	10838	258	392568	375455	4906	0	12915	455201	261672	0	11146494	55570	140254	374565	4074204	15196	11146494	55570
2021-01-05	972	942	925	632	307	449	298	435			12734	12464	63	270	16098	16098	2428	0	425	3710339	11590	264	397202	379633	4634	0	12915	459850	261672	0	11206212	59718	140254	379103	4089972	15768	11206212	59718
2021-01-06	1323	1061	974	605	418	611	335	490			12836	12563	102	273	16098	16098	2416	0	442	3725378	15039	281	404053	386052	6851	0	12915	467138	261672	0	11308785	102573	140254	383427	4111430	21458	11308785	102573
2021-01-07	1061	1051	1008	630	335	490	332	485			12909	12634	73	275	16603	16603	2386	505	455	3743466	18088	277	411601	393188	7548	0	13123	474982	293522	0	11417197	108412	141687	387433	4136654	25224	11417197	108412
2021-01-08	1747	1329	1141	730	552	807	420	614			12985	12708	76	277	16603	16603	2311	0	440	3762340	18874	280	419721	400823	8120	0	13123	483506	293522	0	11525766	108569	141687	392437	4163163	26509	11525766	108569
2021-01-09	1803	1411	1278	885	570	833	446	652			13074	12798	89	276	16603	16603	2291	0	445	3780520	18180	280	427135	407933	7414	0	13123	491419	293522	0	11635559	109793	141687	396117	4188453	25290	11635559	109793
2021-01-10	1717	1180	1358	1034	543	793	373	545			13151	12875	77	276	16603	16603	2225	0	459	3795377	14857	282	432791	413329	5656	0	13123	497572	293522	0	11717313	81754	141687	399660	4208706	20253	11717313	81754
2021-01-11	2069	1013	1476	1130	654	956	320	468			13206	12929	55	277	16603	16603	2211	0	451	3808039	12662	285	437042	417568	4251	0	13123	502356	293522	0	11774727	57414	141687	401034	4225607	16901	11774727	57414
2021-01-12	902	920	1460	1126	285	417	291	425			13273	12996	67	277	16603	16603	2219	0	451	3822100	14061	271	442529	422474	5487	0	13123	507881	293522	0	11844709	69982	141687	406242	4244574	18967	11844709	69982
2021-01-13	1122	983	1426	1114	354	518	311	454			13359	13082	86	277	17109	17109	2200	506	461	3837617	15517	286	448447	427752	5918	0	13123	513918	293522	0	11944985	100276	141687	411710	4265369	20795	11944985	100276
2021-01-14	943	951	1403	1098	298	436	300	439			13433	13156	74	277	17109	17109	2226	0	454	3854115	16498	294	454402	433297	5955	0	13369	520263	324203	0	12046398	101413	143396	415649	4287412	22043	12046398	101413
2021-01-15	750	1112	1243	1071	237	347	351	514			13509	13231	76	278	17109	17109	2201	0	451	3870651	16536	293	459927	438371	5525	0	13369	526114	324203	0	12147366	100968	143396	421870	4309022	21610	12147366	100968
2021-01-16	971	672	1138	963	307	449	212	310			13583	13305	74	278	17109	17109	2197	0	433	3890048	19397	294	465726	444028	5799	0	13369	532622	324203	0	12259486	112120	143396	425322	4334076	25054	12259486	112120
2021-01-17	959	581	1047	870	303	443	184	269			13652	13372	69	280	17109	17109	2165	0	433	3905525	15477	288	470140	448311	4414	0	13369	537842	324203	0	12348663	89177	143396	427115	4353836	19760	12348663	89177
2021-01-18	1141	603	962	808	360	527	191	279			13705	13424	53	281	17109	17109	2206	0	427	3916329	10804	288	473441	451535	3301	0	13369	541576	324203	0	12398580	49917	143396	428059	4367864	14028	12398580	49917
2021-01-19	1255	966	1008	814	396	580	305	446			13749	13469	44	280	17109	17109	2213	0	432	3927237	10908	277	476526	454102	3085	0	13369	544670	324203	0	12454145	55565	143396	432942	4381339	13475	12454145	55565
2021-01-20	619	422	926	721	196	286	134	195			13829	13547	80	282	17556	17556	2209	447	444	3940163	12926	299	481040	458089	4514	0	13369	549371	324203	0	12536712	82567	143396	437602	4398252	16913	12536712	82567
2021-01-21	494	591	844	674	156	228	187	273			13906	13622	77	284	17556	17556	2152	0	430	3956227	16064	287	486180	462910	5140	0	13369	555016	324203	0	12648438	111726	143396	442175	4419137	20885	12648438	111726
2021-01-22	670	690	831	629	212	310	218	319			13987	13702	81	285	17556	17556	2098	0	426	3973073	16846	282	491452	467845	5272	0	13695	560724	354388	0	12754206	105768	145958	445881	4440918	21781	12754206	105768
2021-01-23	1085	866	844	653	343	501	274	400			14064	13777	77	287	17556	17556	2055	0	418	3988109	15036	291	496093	472175	4641	0	13695	565771	354388	0	12866597	112391	145958	450046	4460284	19366	12866597	112391
2021-01-24	1777	663	922	665	561	821	210	306			14133	13844	69	289	17556	17556	1946	0	409	4002160	14051	286	500037	475925	3944	0	13695	570238	354388	0	12967924	101327	145958	453187	4478085	17801	12967924	101327
2021-01-25	3772	631	1094	669	1192	1743	199	291			14178	13889	45	289	17556	17556	1955	0	418	4015048	12888	285	503688	479402	3651	0	13695	574385	354388	0	13046574	78650	145958	455076	4494450	16365	13046574	78650
2021-01-26	708	290	1008	564	224	327	92	134			14220	13930	42	290	17556	17556	1951	0	431	4024375	9327	278	506183	481617	2495	0	13695	576989	354388	0	13096275	49701	145958	458143	4505992	11542	13096275	49701
2021-01-27	269	350	894	549	85	124	111	162			14304	14013	84	291	18008	18008	1930	452	418	4036752	12377	270	509503	484639	3320	0	13695	580673	354388	0	13192478	96203	145958	461885	4521391	15399	13192478	96203
2021-01-28	747	421	949	523	236	345	133	195			14348	14056	44	292	18008	18008	1878	0	442	4052150	15398	255	514134	488861	4631	0	13999	585540	389717	0	13309441	116963	147875	466795	4541011	19620	13309441	116963
2021-01-29	706	329	956	470	223	326	104	152			14444	14154	96	290	18008	18008	1789	0	412	4063855	11705	248	517252	491642	3118	0	13999	588725	389717	0	13395638	86197	147875	470635	4555497	14486	13395638	86197
2021-01-30	465	490	847	434	147	215	155	226			14531	14241	87	290	18008	18008	1739	0	393	4080300	16445	239	521360	495599	4108	0	13999	593486	389717	0	13538980	143342	147875	473061	4575899	20402	13538980	143342
2021-01-31	444	397	695	403	140	205	125	183			14577	14287	46	290	18008	18008	1676	0	371	4092188	11888	231	524025	498145	2665	0	13999	596510	389717	0	13632898	93918	147875	475368	4590333	14434	13632898	93918
2021-02-01	499	363	520	372	158	231	115	168			14607	14317	30	290	18008	18008	1676	0	373	4103409	11221	222	526423	500415	2398	0	13999	599434	389717	0	13721200	88302	147875	476976	4603824	13491	13721200	88302
2021-02-02	422	274	483	369	133	195	87	127			14652	14362	45	290	18008	18008	1631	0	353	4111673	8264	224	528662	502378	2239	0	13999	601762	389717	0	13782465	61265	147875	480992	4614051	10227	13782465	61265
2021-02-03	360	283	504	358	114	166	89	131			14708	14415	56	293	18402	18402	1635	394	335	4120902	9229	203	531117	504564	2455	0	13999	604434	389717	0	13874158	91693	147875	484563	4625466	11415	13874158	91693
2021-02-04	360	249	454	332	114	166	79	115			14784	14489	76	295	18402	18402	1554	0	335	4129655	8753	208	533921	507166	2804	0	14275	607390	425717	0	13955444	81286	149467	487573	4636821	11355	13955444	81286
2021-02-05	270	366	396	338	85	125	116	169			14859	14563	75	296	18402	18402	1503	0	322	4142263	12608	196	537208	510148	3287	0	14275	610865	425717	0	14082912	127468	149467	491939	4652411	15590	14082912	127468
2021-02-06	519	434	402	332	164	240	137	200			14921	14622	62	299	18402	18402	1451	0	310	4154113	11850	189	540827	513526	3619	0	14275	614847	425717	0	14212421	129509	149467	496324	4667639	15228	14212421	129509
2021-02-07	750	295	433	318	237	346	93	136			14999	14698	78	301	18402	18402	1389	0	318	4166477	12364	191	543934	516530	3107	0	14275	618310	425717	0	14325516	113095	149467	497964	4683007	15368	14325516	113095
2021-02-08	492	412	432	324	155	227	130	190			15054	14753	55	301	18402	18402	1387	0	329	4172254	5777	188	545303	517806	1369	0	14275	619858	425717	0	14368462	42946	149467	500166	4690060	7053	14368462	42946
2021-02-09	347	315	420	330	110	160	100	146			15124	14821	70	303	18402	18402	1401	0	324	4178170	5916	191	546896	519125	1593	0	14275	621401	425717	0	14420574	52112	149467	503752	4697295	7235	14420574	52112
2021-02-10	213	225	390	320	67	98	71	104			15207	14903	83	304	18859	18859	1358	457	309	4187507	9337	183	548946	521045	2050	0	14275	623666	425717	0	14520845	100271	149467	506940	4708552	11257	14520845	100271
2021-02-11	471	382	405	340	149	218	121	177			15269	14964	62	305	18859	18859	1313	0	304	4198141	10634	185	551396	523258	2450	0	14572	626284	453740	0	14631637	110792	151476	509874	4721399	12847	14631637	110792
2021-02-12	286	358	409	339	90	132	113	165			15358	15051	89	307	18859	18859	1223	0	300	4208973	10832	180	553812	525486	2416	0	14572	628806	453740	0	14737744	106107	151476	512923	4734459	13060	14737744	106107
2021-02-13	265	285	371	319	84	123	90	131			15424	15116	66	308	18859	18859	1149	0	291	4219058	10085	196	555895	527435	2083	0	14572	631088	453740	0	14837659	99915	151476	516146	4746493	12034	14837659	99915
2021-02-14	543	283	355	317	172	251	89	131			15484	15176	60	308	18859	18859	1125	0	290	4229308	10250	183	557777	529255	1882	0	14572	633210	453740	0	14948553	110894	151476	518763	4758563	12070	14948553	110894
2021-02-15	500	155	355	276	158	231	49	72			15517	15208	33	309	18859	18859	1107	0	286	4237896	8588	174	559350	530735	1573	0	14572	634991	453740	0	15011405	62852	151476	520326	4768631	10068	15011405	62852
2021-02-16	663	190	390	257	210	306	60	88			15567	15257	50	310	18859	18859	1096	0	275	4242966	5070	177	560576	531702	1226	0	14572	636172	453740	0	15057893	46488	151476	524006	4774668	6037	15057893	46488
2021-02-17	326	232	414	258	103	151	73	107			15623	15312	56	311	19176	19176	1088	317	273	4249632	6666	179	561936	533024	1360	0	14572	637799	453740	0	15140864	82971	151476	527202	4782656	7988	15140864	82971
2021-02-18	476	412	415	261	150	220	130	190			15686	15373	63	313	19176	19176	1029	0	271	4258278	8646	173	563976	534827	2040	0	14895	639875	477796	0	15240866	100002	153152	530569	4793105	10449	15240866	100002
2021-02-19	256	579	408	279	81	118	183	268			15726	15409	40	317	19176	19176	990	0	258	4267078	8800	163	565794	536506	1818	0	14895	641849	477796	0	15347522	106656	153152	533272	4803584	10479	15347522	106656
2021-02-20	318	182	419	262	101	147	58	84			15779	15462	53	317	19176	19176	970	0	246	4276228	9150	152	567764	538328	1970	0	14895	643953	477796	0	15462524	115002	153152	535624	4814556	10972	15462524	115002
2021-02-21	848	308	447	265	268	392	97	142			15826	15508	47	318	19176	19176	927	0	234	4284944	8716	153	569284	539644	1520	0	14895	645482	477796	0	15549944	87420	153152	539089	4824588	10032	15549944	87420
2021-02-22	687	386	468	302	217	318	122	178			15853	15534	27	319	19176	19176	888	0	229	4292030	7086	140	570546	540794	1262	0	14895	646850	477796	0	15599873	49929	153152	541220	4832824	8236	15599873	49929
2021-02-23	279	163	413	295	88	129	52	75			15883	15564	30	319	19176	19176	879	0	225	4299958	7928	147	571783	541908	1237	0	14895	648142	477796	0	15662404	62531	153152	543942	4841866	9042	15662404	62531
2021-02-24	306	260	409	300	97	141	82	120			15945	15624	62	321	19444	19444	875	268	219	4311159	11201	151	573885	543696	2102	0	14895	650220	477796	0	15776531	114127	153152	548242	4854855	12989	15776531	114127
2021-02-25	159	193	350	269	50	73	61	89			15978	15657	33	321	19444	19444	853	0	221	4322172	11013	142	575993	545624	2108	0	15162	652400	494740	0	15894675	118144	154697	551474	4867796	12941	15894675	118144
2021-02-26	135	124	320	216	43	62	39	57			16024	15703	46	321	19444	19444	807	0	211	4331641	9469	137	577980	547358	1987	0	15162	654425	494740	0	15997259	102584	154697	554801	4878999	11203	15997259	102584
2021-02-27	385	243	328	225	122	178	77	112			16067	15744	43	323	19444	19444	785	0	204	4340080	8439	139	579680	548874	1700	0	15162	656217	494740	0	16105520	108261	154697	557826	4888954	9955	16105520	108261
2021-02-28	356	211	290	213	113	165	67	97			16118	15796	51	322	19444	19444	760	0	183	4348539	8459	124	581148	550302	1468	0	15162	657840	494740	0	16208091	102571	154697	559897	4898841	9887	16208091	102571
2021-03-01	409	251	269	201	129	189	79	116			16144	15822	26	322	19444	19444	788	0	184	4355357	6818	119	582543	551550	1395	0	15162	659307	494740	0	16261930	53839	154697	561797	4906907	8066	16261930	53839
2021-03-02	270	218	268	209	85	125	69	101			16182	15859	38	323	19444	19444	775	0	187	4362966	7609	116	582844	551667	301	0	15162	659584	494740	0	16317937	56007	154697	564788	4914633	7726	16317937	56007
2021-03-03	291	279	266	211	92	135	88	129			16252	15925	70	327	19713	19713	755	269	173	4371477	8511	109	584743	553220	1899	0	15162	661370	494740	0	16419989	102052	154697	568678	4924697	10064	16419989	102052
2021-03-04	797	332	335	228	252	368	105	153			16296	15967	44	329	19713	19713	741	0	168	4380031	8554	100	586310	554630	1567	0	15425	662972	508745	0	16522351	102362	156185	571445	4934661	9964	16522351	102362
2021-03-05	417	287	394	257	132	193	91	133			16322	15992	26	330	19713	19713	716	0	180	4388938	8907	109	588209	556307	1899	0	15425	664893	508745	0	16628614	106263	156185	574434	4945245	10584	16628614	106263
2021-03-06	352	190	389	248	111	163	60	88			16374	16044	52	330	19713	19713	687	0	176	4396764	7826	114	589931	557802	1722	0	15425	666605	508745	0	16728973	100359	156185	578153	4954566	9321	16728973	100359
2021-03-07	307	191	381	245	97	142	60	88			16417	16085	43	332	19713	19713	665	0	174	4404792	8028	116	591356	559083	1425	0	15425	668145	508745	0	16825551	96578	156185	580372	4963875	9309	16825551	96578
